{"accuracy": [0.2565043270587921, 0.49166110157966614, 0.6026517748832703, 0.6651934385299683, 0.7197298407554626, 0.7535023093223572, 0.7929453253746033, 0.8217978477478027, 0.8519012928009033, 0.875, 0.8888425827026367, 0.9017678499221802, 0.9196964502334595, 0.9269512891769409, 0.935707151889801, 0.9493829011917114, 0.9476317763328552, 0.9530520439147949, 0.9563875794410706, 0.9678118824958801, 0.966477632522583, 0.9683955907821655, 0.9733155369758606, 0.9708138704299927, 0.9719813466072083, 0.9770680665969849, 0.9753168821334839, 0.9842395186424255, 0.9818212389945984, 0.9798198938369751], "loss": [2.016113758087158, 1.4426261186599731, 1.1364129781723022, 0.9775978326797485, 0.8218398690223694, 0.7177147269248962, 0.6131701469421387, 0.5291702151298523, 0.4411318302154541, 0.3723401427268982, 0.33611932396888733, 0.2894345223903656, 0.24753713607788086, 0.2195897251367569, 0.19741208851337433, 0.1509241759777069, 0.1551736742258072, 0.14418086409568787, 0.13148629665374756, 0.09807580709457397, 0.10460824519395828, 0.09327226132154465, 0.08064865320920944, 0.09047038108110428, 0.08569575846195221, 0.06754079461097717, 0.07692873477935791, 0.04933960363268852, 0.05411092936992645, 0.06245331093668938], "val_accuracy": [0.42595064640045166, 0.5640426874160767, 0.662441611289978, 0.705136775970459, 0.7118078470230103, 0.7841894626617432, 0.7638425827026367, 0.8118745684623718, 0.8195463418960571, 0.8509005904197693, 0.8345563411712646, 0.84989994764328, 0.8539025783538818, 0.8792528510093689, 0.8802534937858582, 0.8882588148117065, 0.8842561841011047, 0.9019346237182617, 0.8945963978767395, 0.9012675285339355, 0.9052701592445374, 0.8922615051269531, 0.8929286003112793, 0.867578387260437, 0.8922615051269531, 0.8692461848258972, 0.8812541961669922, 0.9109406471252441, 0.9162775278091431, 0.9139426350593567], "val_loss": [1.6252762079238892, 1.2286819219589233, 1.0079346895217896, 0.8741207718849182, 0.8224664330482483, 0.6561127305030823, 0.704077959060669, 0.558297336101532, 0.524361252784729, 0.4872407913208008, 0.5204346179962158, 0.49896398186683655, 0.45243823528289795, 0.40629634261131287, 0.4003421366214752, 0.3930407464504242, 0.40912288427352905, 0.3816732168197632, 0.38822439312934875, 0.3607530891895294, 0.34713035821914673, 0.42812007665634155, 0.42681893706321716, 0.4630293548107147, 0.40503761172294617, 0.505795419216156, 0.44843775033950806, 0.37268468737602234, 0.36199119687080383, 0.3610183000564575]}