{"accuracy": [0.25575384497642517, 0.4820713698863983, 0.6024850010871887, 0.6651934385299683, 0.7157271504402161, 0.7562541961669922, 0.7912775278091431, 0.8297198414802551, 0.8553202152252197, 0.8787525296211243, 0.8884255886077881, 0.9100233316421509, 0.9190293550491333, 0.9337058067321777, 0.9410440325737, 0.9477985501289368, 0.955136775970459, 0.9602234959602356, 0.9650600552558899, 0.9644763469696045, 0.9655603766441345, 0.9709806442260742, 0.9713975787162781, 0.9775683879852295, 0.9784022569656372, 0.9820713996887207, 0.9780687093734741, 0.9761507511138916, 0.9854903221130371, 0.9787358045578003], "loss": [2.0171430110931396, 1.4614272117614746, 1.1574815511703491, 0.9759271740913391, 0.8301434516906738, 0.7131062746047974, 0.6196980476379395, 0.509434700012207, 0.4323609173297882, 0.3652917742729187, 0.3339783251285553, 0.26702767610549927, 0.24889521300792694, 0.19763599336147308, 0.1805238276720047, 0.15586598217487335, 0.1322745829820633, 0.12457553297281265, 0.1022612452507019, 0.10898105800151825, 0.10879093408584595, 0.08518015593290329, 0.08578387647867203, 0.07187800109386444, 0.06800075620412827, 0.05666966736316681, 0.06455545872449875, 0.07280934602022171, 0.04531066492199898, 0.06354782730340958], "val_accuracy": [0.4079386293888092, 0.5930620431900024, 0.632421612739563, 0.7151434421539307, 0.7234823107719421, 0.7718479037284851, 0.7718479037284851, 0.8162108063697815, 0.8308872580528259, 0.8502334952354431, 0.8525683879852295, 0.8705803751945496, 0.8719146251678467, 0.8645763993263245, 0.8762508630752563, 0.8885924220085144, 0.8789193034172058, 0.8685790300369263, 0.8899266123771667, 0.897598385810852, 0.8892595171928406, 0.8845897316932678, 0.8902601599693298, 0.8945963978767395, 0.8992661833763123, 0.8892595171928406, 0.891594409942627, 0.891594409942627, 0.8922615051269531, 0.9092728495597839], "val_loss": [1.6945735216140747, 1.2364990711212158, 1.07069730758667, 0.8501361608505249, 0.818422257900238, 0.6822590231895447, 0.698874294757843, 0.560064971446991, 0.5260451436042786, 0.47671881318092346, 0.472748339176178, 0.41571512818336487, 0.4205158054828644, 0.4393671751022339, 0.4226154088973999, 0.4121226370334625, 0.4767109155654907, 0.4556191861629486, 0.4166736900806427, 0.3779461085796356, 0.4509064853191376, 0.46545207500457764, 0.43334072828292847, 0.4137803018093109, 0.43449482321739197, 0.4421509802341461, 0.4909379184246063, 0.3997393548488617, 0.46154728531837463, 0.4094056189060211]}